path,id,title,dataset,year,month,mime_type,size_bytes,sha256,sheet_count
INVENTARIO INSUMOS.xlsx,14BHghSF78PzgmztpLbDEZedZfk_lBv42,INVENTARIO INSUMOS.xlsx,inventario_insumos,,,application/vnd.openxmlformats-officedocument.spreadsheetml.sheet,21964,ada47fadc77d0595ed070699dcb0736d06784fa6438305f458e378c8ea8ad29a,1
INGRESOS 2026 DRIVE,1qynoVzgF5a5qMdTVXhfM35zQC4QCtVqh0MNaSHD2_aQ,INGRESOS 2026 DRIVE,ingresos_2026,2026,,application/vnd.google-apps.spreadsheet,142861,01d1c6d00daca6367371c66a9762f652c3dd4c7da3aab40363692b01ddf292ee,5
2023/PACIENTES 2023.docx,1qxXDDohR2_tIFn4bKRfvevkYyChSVsdP,PACIENTES 2023.docx,pacientes_docx,2023,,application/vnd.openxmlformats-officedocument.wordprocessingml.document,19507,971b26692bbfaf149f6d57bad340309ca26823690554355026415cc727fa4ac9,
2023/PRESTACIONES ENFERMERIA/JULIO.xlsx,1ATVCG6kWiPQeYIcl09PERdla7Eqn5_bD,JULIO.xlsx,prestaciones_enfermeria,2023,7,application/vnd.openxmlformats-officedocument.spreadsheetml.sheet,98719,8ba64d675fefb03a8b56d1d101158c0e58cd853bcbf44cbc1eeb17d97a7a2959,1
2023/PRESTACIONES ENFERMERIA/AGOSTO.xlsx,19Nm0_Em-Gbg9XNYwXuVfxOwyG57swSgw,AGOSTO.xlsx,prestaciones_enfermeria,2023,8,application/vnd.openxmlformats-officedocument.spreadsheetml.sheet,98763,c7a23a41ad66490c0097ef7150c8ae49f0e1aac1fc3cd210094c48437daca437,1
2023/PRESTACIONES ENFERMERIA/SEPTIEMBRE.xlsx,1_ZCtEQW8ks_1C1EKhqpMN7bw5Tk_KvXl,SEPTIEMBRE.xlsx,prestaciones_enfermeria,2023,9,application/vnd.openxmlformats-officedocument.spreadsheetml.sheet,96649,50cb412d706e78c5528024098d3c9de50292461d05dd52af2d4fb3ceba7c7698,1
2023/PRESTACIONES ENFERMERIA/OCTUBRE.xlsx,1BGQSqyMvsQooPXEoHy30xojVRhHpp_B5,OCTUBRE.xlsx,prestaciones_enfermeria,2023,10,application/vnd.openxmlformats-officedocument.spreadsheetml.sheet,98939,26159edb4c36abd2be24ecf2b583708ef5d70be5924612b4dbb1c17c950e834b,1
2023/PRESTACIONES ENFERMERIA/NOVIEMBRE.xlsx,1gE4-Rd7_tgG2E4AFXYxN4Gz49EJ1yO5t,NOVIEMBRE.xlsx,prestaciones_enfermeria,2023,11,application/vnd.openxmlformats-officedocument.spreadsheetml.sheet,98169,4ec1deedc241209002d232f6eea0a265d4c8877d995cc8c4614da49c04e88095,1
2023/REM/REM JULIO.xlsx,1YqqaWrx5ktmOozPsPgow-Vj_n277pT8r,REM JULIO.xlsx,rem,2023,7,application/vnd.openxmlformats-officedocument.spreadsheetml.sheet,36558,e22da3588826511fe807558ee1399e281d73c35aff5a27a14b6039f2459cd8fa,2
2023/REM/REM AGOSTO .xlsx,16EhYHzj79ejkkcbv-U-2AkpqWWyyLozL,REM AGOSTO .xlsx,rem,2023,8,application/vnd.openxmlformats-officedocument.spreadsheetml.sheet,36577,e0f6ffa033ffe3a590124944bba2f385138251ab855ede3dfa7ab71da80777d7,2
2023/REM/REM SEPTIEMBRE.xlsx,1KLqIZst4Io8XPpCbjbMZoQ3CQQjWD_r2,REM SEPTIEMBRE.xlsx,rem,2023,9,application/vnd.openxmlformats-officedocument.spreadsheetml.sheet,36563,d3aab09a43e205d9ac580bd1854a60e045b6950c96fde8ba6fadca5e5d56d6a3,2
2023/REM/REM OCTUBRE.xlsx,1zJkabCxZf-tmcVh3QjCg8a8pVm3Enrbt,REM OCTUBRE.xlsx,rem,2023,10,application/vnd.openxmlformats-officedocument.spreadsheetml.sheet,36564,13c7a37d55e6b9449082712b00412d692a1008d35a5ad11b22b1655eb15c10f5,2
2023/REM/REM NOVIEMBRE.xlsx,1wx-I3In7JF4zsjst_e3lLi7jQ-ttQxno,REM NOVIEMBRE.xlsx,rem,2023,11,application/vnd.openxmlformats-officedocument.spreadsheetml.sheet,36580,1cd01a11cb0eac421cf647f356b6a9235630c3672140d9b4a145fa5acdbd77dd,2
2024/PRESTACIONES ENFERMERIA/ENERO.xlsx,17s1fuW2TxP_qVqPiD-mKwD2fLCswvCu5,ENERO.xlsx,prestaciones_enfermeria,2024,1,application/vnd.openxmlformats-officedocument.spreadsheetml.sheet,98450,661ea16c0d5037c728327697568d5f3a02eee1771f748aa8b750dc3c69ec784f,1
2024/PRESTACIONES ENFERMERIA/FEBRERO.xlsx,1D2KUCdC-tIoUYgimmstzj-GelMyJWzXM,FEBRERO.xlsx,prestaciones_enfermeria,2024,2,application/vnd.openxmlformats-officedocument.spreadsheetml.sheet,93146,c8613254031e3068526d45d88740dfcce0085d25acee7753cd49c942866c681b,1
2024/PRESTACIONES ENFERMERIA/MARZO.xlsx,19JTaSuOnVn0OXKoFkVF5FNkM4_67anJX,MARZO.xlsx,prestaciones_enfermeria,2024,3,application/vnd.openxmlformats-officedocument.spreadsheetml.sheet,98938,9167960cd26b2148f93ca6be44d5c10992f067044af954f22fd4224cb7897b56,1
2024/PRESTACIONES ENFERMERIA/ABRIL.xlsx,1-RdUr7XJbrv6IRegjl3usOYCzQqa3TbE,ABRIL.xlsx,prestaciones_enfermeria,2024,4,application/vnd.openxmlformats-officedocument.spreadsheetml.sheet,96889,86d9e4b9764e086497a39b43a785c351a7092ac17d3304caefac275ff05e6c9c,1
2024/PRESTACIONES ENFERMERIA/MAYO.xlsx,1ANBJfUklBw74Grs6Nja3QEbgr8n-ZcVJ,MAYO.xlsx,prestaciones_enfermeria,2024,5,application/vnd.openxmlformats-officedocument.spreadsheetml.sheet,96690,1cd26e6a4fe9933e317e4234b7cc94d081abf23b175e3ab6e5dccfd2726423c6,1
2024/PRESTACIONES ENFERMERIA/JUNIO.xlsx,1hrCPdomrUa7ay0HAMFfTzNnXxU9SC7yd,JUNIO.xlsx,prestaciones_enfermeria,2024,6,application/vnd.openxmlformats-officedocument.spreadsheetml.sheet,98069,47fdf5b8c8e2dead13a8e66bb1b26ab3c1b6925fe01b3e8e735ef6c3d47031af,1
2024/PRESTACIONES ENFERMERIA/AGOSTO.xlsx,1ClJKiA3pdNe3wBtF829Po0bTFr1lIRx0,AGOSTO.xlsx,prestaciones_enfermeria,2024,8,application/vnd.openxmlformats-officedocument.spreadsheetml.sheet,100126,0c799f6fedfd2b15bb5b28b593d91bef6b6e44183dfe9ee7d8f36b424f54167e,1
2024/PRESTACIONES ENFERMERIA/SEPTIEMBRE .xlsx,1fhY2hZms5yUWLAyatFME-42krk22MMwd,SEPTIEMBRE .xlsx,prestaciones_enfermeria,2024,9,application/vnd.openxmlformats-officedocument.spreadsheetml.sheet,98022,e6a2d3bde1e2a3404de4fb457a5bd675d15a56cc6dbfc3e912fe8d7c5e28f703,1
2024/PRESTACIONES ENFERMERIA/OCTUBRE.xlsx,19XlEES5GtMbF9p0-y8kCTZ8KuL8gK_cK,OCTUBRE.xlsx,prestaciones_enfermeria,2024,10,application/vnd.openxmlformats-officedocument.spreadsheetml.sheet,100039,bac52b82dd14978697cf3e5b2daed7ff14f37008c28bf049e47a7bc6eef63323,1
2024/PRESTACIONES ENFERMERIA/NOVIEMBRE.xlsx,1v8e0i4kPU7qTrQXiWjD5kyR9OL0EORbw,NOVIEMBRE.xlsx,prestaciones_enfermeria,2024,11,application/vnd.openxmlformats-officedocument.spreadsheetml.sheet,97937,b932975cc3383a7b8eff4dc90e5fbf45cf3974084dbac2246b46a1810db0567c,1
2024/PRESTACIONES ENFERMERIA/DICIEMBRE.xlsx,1KoeVrc_FOsNteiW7AVFt259iPYkA7lGx,DICIEMBRE.xlsx,prestaciones_enfermeria,2024,12,application/vnd.openxmlformats-officedocument.spreadsheetml.sheet,100305,0bfcdd34980a856bf5413ab3556831087cb7b97da9f6c0416f0ce6c10592e3d7,1
2024/REM/REM ENERO.xlsx,1mzhxOD6oZNKOVZhmtyOAUaG9oCf1EA_3,REM ENERO.xlsx,rem,2024,1,application/vnd.openxmlformats-officedocument.spreadsheetml.sheet,36562,126f5d62e98cd8e0d6dc109ef0de7f8d28d2f74cb8ceff04e465654b5db32e14,2
2024/REM/REM FEBRERO.xlsx,1nRSfmUDKCDAL9i1itUpuLaZTGszTtJWD,REM FEBRERO.xlsx,rem,2024,2,application/vnd.openxmlformats-officedocument.spreadsheetml.sheet,36601,30363f0d62488f71c380050be0fcf6ffa7bc64e571153cdae48210f0c10a99b6,2
2024/REM/REM MARZO.xlsx,1bX7VftfBpK0sKFvL1_-TYj5zKsCtX-l6,REM MARZO.xlsx,rem,2024,3,application/vnd.openxmlformats-officedocument.spreadsheetml.sheet,36608,0af82f60122507b4560cf8c054af516c3f8e766726618ca70a41aea17799ddf5,2
2024/REM/REM ABRIL 24.xlsx,1TJprQcKtmepC7T3dinRhNhuLb8sZSSVk,REM ABRIL 24.xlsx,rem,2024,4,application/vnd.openxmlformats-officedocument.spreadsheetml.sheet,36577,165762acc4f21cfd01e7780af4f492a1776e4e906a367469bd23951ca9e54585,2
2024/REM/REM MAYO.xlsx,1o89epL0PR0uARpLos8La4djWu6XemGCE,REM MAYO.xlsx,rem,2024,5,application/vnd.openxmlformats-officedocument.spreadsheetml.sheet,36582,22a313e216d8ec82e26dfcd90cf9cbead19d918c8900f5a932cd5ba0329e5330,2
2024/REM/REM JUNIO 24.xlsx,1O0vZ-rS6zmXYc3hiO2uJctAuSAGn6qHy,REM JUNIO 24.xlsx,rem,2024,6,application/vnd.openxmlformats-officedocument.spreadsheetml.sheet,36558,3248d037fefe0ee820eda10fc829947cf9f8ab845e75e4953f4ea7d092cc090c,2
2024/REM/REM JULIO .xlsx,1Y4Z2qhJUH5ac_2TBwyMK3gJEBQQqtU8h,REM JULIO .xlsx,rem,2024,7,application/vnd.openxmlformats-officedocument.spreadsheetml.sheet,36572,0823b540838041e5580958e385765e4a65680c2dfadcf83e6934fd25576d7d82,2
2024/REM/REM AGOSTO .xlsx,1gJmNAnkjixRWd9iUS2hMzrf1PE7saon5,REM AGOSTO .xlsx,rem,2024,8,application/vnd.openxmlformats-officedocument.spreadsheetml.sheet,36562,06706664184ffd8b7c1d2043ce67ccd3e519adae834dd65b08bc7f3b19ef466a,2
2024/REM/REM SEPTIEMBRE.xlsx,1lcSUJDJZY7smocpthV4U4C_gDoRlY7Jr,REM SEPTIEMBRE.xlsx,rem,2024,9,application/vnd.openxmlformats-officedocument.spreadsheetml.sheet,36587,eecdd81d4128c084abb0a25d96070424d135c854fd1a7c864bfc0c3691b2b29b,2
2024/REM/REM OCTUBRE 24.xlsx,1tUk3kjN3wMZUrcrfuHOxSS2KeXmTsc8E,REM OCTUBRE 24.xlsx,rem,2024,10,application/vnd.openxmlformats-officedocument.spreadsheetml.sheet,36566,51a20a2a6dbb5f86e00806e619f680bc20d183d64d0859167ba27b0405e4858a,2
2024/REM/REM NOVIEMBRE 2024.xlsx,1QvpN7L-sDHzv832n6wIeG9BF-DZ-Xw11,REM NOVIEMBRE 2024.xlsx,rem,2024,11,application/vnd.openxmlformats-officedocument.spreadsheetml.sheet,36610,06c70f06a48af3769e115c037e8300f95bb94d0992db4ab3506d61f567bb70dd,2
2024/REM/REM DICIEMBRE.xlsx,16a0d9oKZY1CLbNMrI31hRsNLtQB3rspS,REM DICIEMBRE.xlsx,rem,2024,12,application/vnd.openxmlformats-officedocument.spreadsheetml.sheet,36604,f4ae55f2d6f5869b5c6762a53bd6a715db4b3438c074e280c3333f7d1742f350,2
HOMOM 2025.xlsx,1Sr27xmW0V7eqBZd4tjAJ2AgcID0VSNze,HOMOM 2025.xlsx,resumen_hodom,2025,,application/vnd.openxmlformats-officedocument.spreadsheetml.sheet,87339,ed2e5539d4b3ee01c84cae8f687fc85c715718d6e80cbb6fe8b1c4cf12a53bc0,14
HOMOM 2026.xlsx,13VFdvVY76YtgbTukf3RCsARmgyNsZaOh,HOMOM 2026.xlsx,resumen_hodom,2026,,application/vnd.openxmlformats-officedocument.spreadsheetml.sheet,27477,91379c138c26bb7a571d8b7a21b268462cff0fe5db4ec55a553f239ea3a332fb,2
2024/INGRESOS ENE-OCT 2024.xlsx,1g-ojvSZh2uuYHwKz7ch7So9p0V2yLbtp,INGRESOS ENE-OCT 2024.xlsx,ingresos_nominales,2024,,application/vnd.openxmlformats-officedocument.spreadsheetml.sheet,481272,e6053d34f1e81743d7ab696669306a3a7535904f6e5f21e78875512393e90fb1,13
2024/PLANILLA NOV DIC 2024.xlsx,15s5FU9UKBjgTQxz277_M7zSq9KGavLXN,PLANILLA NOV DIC 2024.xlsx,ingresos_nominales,2024,,application/vnd.openxmlformats-officedocument.spreadsheetml.sheet,51357,f5c9a5e3b6375aa9269efa5e57a5e3f354181667f02c87ecaae1a34da1fd2362,3
2025/INGRESOS 2025 (3).xlsx,1EmbYGViWjZKe_uQoEi9OiGhgXiMdzFtO,INGRESOS 2025 (3).xlsx,ingresos_nominales,2025,,application/vnd.openxmlformats-officedocument.spreadsheetml.sheet,310300,f1d45073434670ad9ceabbbdf354277c7c3b42bcbddfa827cb6469d676323669,11
2025/REM ENERO 2025.xlsx,1ZDjH03MGi1-6IXBzvnoMUh4hNwZTNkU2,REM ENERO 2025.xlsx,rem,2025,1,application/vnd.openxmlformats-officedocument.spreadsheetml.sheet,37211,b3b0968fe730bb17b0dc89043744c2765ed781e1b3368cf8d5941203e2d5df4f,2
2025/REM FEBRERO 2025.xlsx,17dnhkUd_livEcTq20R5d4_vVoSK7YdLz,REM FEBRERO 2025.xlsx,rem,2025,2,application/vnd.openxmlformats-officedocument.spreadsheetml.sheet,36962,16b9b517ec20d11ca193bf6fb4f4566a7120561b3b22886e038b7a791406eff6,2
2025/REM MARZO 25.xlsx,1o4Gzm6gIRIUB0NPk9qpkk2npgnGC-BOm,REM MARZO 25.xlsx,rem,2025,3,application/vnd.openxmlformats-officedocument.spreadsheetml.sheet,19598,63e58ee7edf7166a645a698f400ccda959bad9d5294e3269f04dd79acfcd4248,1
2025/REM ABRIL 25.xlsx,1GjYTueXURnPif_ROkNqSbwJwyZwfVqLi,REM ABRIL 25.xlsx,rem,2025,4,application/vnd.openxmlformats-officedocument.spreadsheetml.sheet,19590,b72dad30312fbcc0eb2180b990c829bcc6a862ede0faf64717b099c1f3b5d57c,1
2025/REM MAYO 25.xlsx,10LPwBU_IBAzbLy3WqVkiInjdcgoaomQN,REM MAYO 25.xlsx,rem,2025,5,application/vnd.openxmlformats-officedocument.spreadsheetml.sheet,19615,3c15c7f316c001d409527d0cd0c74b7c86bcdc43e6250932c1f104e077b26082,1
2025/REM JUNIO 25.xlsx,1G8Irz-5jRvYnITkwqi6bRRfItYH3mk8m,REM JUNIO 25.xlsx,rem,2025,6,application/vnd.openxmlformats-officedocument.spreadsheetml.sheet,19716,4fc00c03a69f197e0724ee29cbafc109629fd80e03b0c68a7a8d4cbdc810f0d9,1
2025/REM JULIO 25.xlsx,1C4aQqgQLwEUDQeIOWETki5oe6Kg9gSmD,REM JULIO 25.xlsx,rem,2025,7,application/vnd.openxmlformats-officedocument.spreadsheetml.sheet,19696,ba17997653ebb26bc6ff330149763678e41f2769990c2024e1aa7e02447ac461,1
2025/REM AGOSTO 25.xlsx,1Sn8gTpfkgYlt9cHaqIaOfZQO65fPs77N,REM AGOSTO 25.xlsx,rem,2025,8,application/vnd.openxmlformats-officedocument.spreadsheetml.sheet,21035,e017913904ccb0324bdc012a77a62f894ea5fee22ad289c419122ec4ad9b071a,1
2025/REM SEPTIEMBRE 2025.xlsx,1-AALBIe9XfeIv74dKJfILmcwgsPHR9vY,REM SEPTIEMBRE 2025.xlsx,rem,2025,9,application/vnd.openxmlformats-officedocument.spreadsheetml.sheet,21093,eae94cd97751ad0d4bd3866b8d7f2aabea688cb8287c0050cb1f08119a4fd83a,1
2025/REM OCTUBRE 2025.xlsx,1egEOppOHucpPKbjJ-JwmEm4nzuZN0r62,REM OCTUBRE 2025.xlsx,rem,2025,10,application/vnd.openxmlformats-officedocument.spreadsheetml.sheet,21111,3e1768b6eea08f2bb58b59a50877772e215a5b14756fc185ef0c7d089b851515,1
2025/REM NOVIEMBRE 2025.xlsx,1Cllu661Xrnv6HOu3-XC1o0nYELk-GjKI,REM NOVIEMBRE 2025.xlsx,rem,2025,11,application/vnd.openxmlformats-officedocument.spreadsheetml.sheet,21090,3b0228e5301119dbb0d03e4f9a67d11d05b58ca65b414ec61928168e65182738,1
2025/REM DICIEMBRE 2025.xlsx,1o33DqlEBKjxuHvaUvtkuyPASKG_k_6Lj,REM DICIEMBRE 2025.xlsx,rem,2025,12,application/vnd.openxmlformats-officedocument.spreadsheetml.sheet,21116,42a2e7d77bb126e33f61e3f30cb7fcf364743a436358af24bb3833b307442167,1
